{
   "clusters" : [
      {
         "covariance" : {
            "cols" : 2,
            "data" : [
               243167219.80515593,
               -106078964.68493736,
               -106078964.68493736,
               363973328.6144051
            ],
            "rows" : 2
         },
         "mean" : [ 165.57825689169073, 93.132243046462136 ]
      },
      {
         "covariance" : {
            "cols" : 2,
            "data" : [
               144657040.04669279,
               98267262.439357027,
               98267262.439357027,
               176384719.60197482
            ],
            "rows" : 2
         },
         "mean" : [ 110.58655810200511, 104.39360018665401 ]
      },
      {
         "covariance" : {
            "cols" : 2,
            "data" : [
               104393909.70074196,
               -154637577.31567448,
               -154637577.31567448,
               285220101.23260367
            ],
            "rows" : 2
         },
         "mean" : [ 103.38213182704811, 178.52833631339402 ]
      }
   ],
   "dimensionality" : 2
}
