{
  "env": {
    "obstacles": {
      "angles": [
        {
          "obstacles": [
            {
              "cost": 0.1
             ,"poly": [
                {
                  "x": 95.1623
                 ,"y": -41.9039
                }
               ,{
                  "x": 93.159
                 ,"y": 14.2132
                }
               ,{
                  "x": 93.159
                 ,"y": 82.4132
                }
               ,{
                  "x": 149.718
                 ,"y": 84.4322
                }
               ,{
                  "x": 241.718
                 ,"y": 84.4322
                }
               ,{
                  "x": 243.721
                 ,"y": 28.3151
                }
               ,{
                  "x": 243.721
                 ,"y": -39.8849
                }
               ,{
                  "x": 187.162
                 ,"y": -41.9039
                }
              ]
            }
          ]
        }
       ,{
          "obstacles": [
            {
              "cost": 0.1
             ,"poly": [
                {
                  "x": 82.9845
                 ,"y": 9.68213
                }
               ,{
                  "x": 80.9812
                 ,"y": 65.7992
                }
               ,{
                  "x": 163.268
                 ,"y": 106.943
                }
               ,{
                  "x": 219.828
                 ,"y": 108.962
                }
               ,{
                  "x": 250.327
                 ,"y": 47.962
                }
               ,{
                  "x": 252.331
                 ,"y": -8.15511
                }
               ,{
                  "x": 170.043
                 ,"y": -49.2988
                }
               ,{
                  "x": 113.484
                 ,"y": -51.3178
                }
              ]
            }
          ]
        }
       ,{
          "obstacles": [
            {
              "cost": 0.1
             ,"poly": [
                {
                  "x": 79.5731
                 ,"y": -4.26839
                }
               ,{
                  "x": 77.5698
                 ,"y": 51.8487
                }
               ,{
                  "x": 142.624
                 ,"y": 116.903
                }
               ,{
                  "x": 199.183
                 ,"y": 118.922
                }
               ,{
                  "x": 247.407
                 ,"y": 70.6969
                }
               ,{
                  "x": 249.411
                 ,"y": 14.5798
                }
               ,{
                  "x": 184.357
                 ,"y": -50.474
                }
               ,{
                  "x": 127.798
                 ,"y": -52.4931
                }
              ]
            }
          ]
        }
       ,{
          "obstacles": [
            {
              "cost": 0.1
             ,"poly": [
                {
                  "x": 80.7484
                 ,"y": -18.5818
                }
               ,{
                  "x": 78.7451
                 ,"y": 37.5353
                }
               ,{
                  "x": 119.889
                 ,"y": 119.823
                }
               ,{
                  "x": 176.448
                 ,"y": 121.842
                }
               ,{
                  "x": 237.448
                 ,"y": 91.3417
                }
               ,{
                  "x": 239.451
                 ,"y": 35.2246
                }
               ,{
                  "x": 198.307
                 ,"y": -47.0627
                }
               ,{
                  "x": 141.748
                 ,"y": -49.0817
                }
              ]
            }
          ]
        }
       ,{
          "obstacles": [
            {
              "cost": 0.1
             ,"poly": [
                {
                  "x": 90.1623
                 ,"y": -36.9039
                }
               ,{
                  "x": 88.159
                 ,"y": 19.2132
                }
               ,{
                  "x": 88.159
                 ,"y": 111.213
                }
               ,{
                  "x": 144.718
                 ,"y": 113.232
                }
               ,{
                  "x": 212.918
                 ,"y": 113.232
                }
               ,{
                  "x": 214.921
                 ,"y": 57.1151
                }
               ,{
                  "x": 214.921
                 ,"y": -34.8849
                }
               ,{
                  "x": 158.362
                 ,"y": -36.9039
                }
              ]
            }
          ]
        }
       ,{
          "obstacles": [
            {
              "cost": 0.1
             ,"poly": [
                {
                  "x": 65.6326
                 ,"y": 33.2056
                }
               ,{
                  "x": 63.6293
                 ,"y": 89.3227
                }
               ,{
                  "x": 124.629
                 ,"y": 119.823
                }
               ,{
                  "x": 181.188
                 ,"y": 121.842
                }
               ,{
                  "x": 222.332
                 ,"y": 39.5544
                }
               ,{
                  "x": 224.335
                 ,"y": -16.5627
                }
               ,{
                  "x": 163.335
                 ,"y": -47.0627
                }
               ,{
                  "x": 106.776
                 ,"y": -49.0817
                }
              ]
            }
          ]
        }
       ,{
          "obstacles": [
            {
              "cost": 0.1
             ,"poly": [
                {
                  "x": 55.6729
                 ,"y": 12.5608
                }
               ,{
                  "x": 53.6696
                 ,"y": 68.6778
                }
               ,{
                  "x": 101.894
                 ,"y": 116.903
                }
               ,{
                  "x": 158.453
                 ,"y": 118.922
                }
               ,{
                  "x": 223.507
                 ,"y": 53.8678
                }
               ,{
                  "x": 225.51
                 ,"y": -2.24933
                }
               ,{
                  "x": 177.286
                 ,"y": -50.474
                }
               ,{
                  "x": 120.727
                 ,"y": -52.4931
                }
              ]
            }
          ]
        }
       ,{
          "obstacles": [
            {
              "cost": 0.1
             ,"poly": [
                {
                  "x": 52.7528
                 ,"y": -10.1742
                }
               ,{
                  "x": 50.7495
                 ,"y": 45.9429
                }
               ,{
                  "x": 81.2495
                 ,"y": 106.943
                }
               ,{
                  "x": 137.809
                 ,"y": 108.962
                }
               ,{
                  "x": 220.096
                 ,"y": 67.8183
                }
               ,{
                  "x": 222.099
                 ,"y": 11.7012
                }
               ,{
                  "x": 191.599
                 ,"y": -49.2987
                }
               ,{
                  "x": 135.04
                 ,"y": -51.3178
                }
              ]
            }
          ]
        }
       ,{
          "obstacles": [
            {
              "cost": 0.1
             ,"poly": [
                {
                  "x": 61.3623
                 ,"y": -41.9039
                }
               ,{
                  "x": 59.359
                 ,"y": 14.2132
                }
               ,{
                  "x": 59.359
                 ,